cpu_s,cv,expected_overtime_min,fitness,instance,loader_release_rule,max_decision_time_s,mean_cmax_min,mean_decision_time_s,mean_loader_utilization,mean_n_reoptimizations,mean_pad_dump_utilization,mean_pad_fine_tons,mean_plant_dump_utilization,mean_plant_fine_tons,mean_truck_wait_min,method,prob_finish_within_shift,prob_pad_target,prob_plant_target,replications,rollout_seed,sd_cmax_min,search_fitness,simulation_seed,tsi_evaluations,tsi_seed
0.16557390009984374,0.05,0.0,686.064484547715,I01,load_only,,686.064484547715,,,,,235.95,,865.975,,SimTSI-MC,1.0,1.0,1.0,500,,0.6914227536057324,685.9553549299224,500000,2,12345
0.23308670008555055,0.05,0.0,686.064484547715,I01,,,686.064484547715,,0.01021282708070274,,0.0029111371214618183,,0.002911751871722089,,0.0,SimTSI-DES,1.0,1.0,1.0,500,,0.6914227536057324,685.9553549299224,500000,2,12345
0.4429981999564916,0.05,0.0,,I01,,0.0,686.064484547715,0.0,0.01021282708070274,0,,,,,0.0,DynSimTSI-DES,1.0,1.0,1.0,500,900000,0.6914227536057324,,500000,,12345
0.33515379996970296,0.1,0.0,686.0280257671607,I01,load_only,,686.0280257671607,,,,,235.95,,865.975,,SimTSI-MC,1.0,1.0,1.0,500,,1.3810793248559627,685.7950042144565,500000,2,12345
0.20931890001520514,0.1,0.0,686.0280257671607,I01,,,686.0280257671607,,0.010223765617790342,,0.0029070234565551755,,0.0029084602497061528,,0.0,SimTSI-DES,1.0,1.0,1.0,500,,1.3810793248559627,685.7950042144565,500000,2,12345
0.41031399997882545,0.1,0.0,,I01,,0.0,686.0280257671607,0.0,0.010223765617790342,0,,,,,0.0,DynSimTSI-DES,1.0,1.0,1.0,500,900000,1.3810793248559627,,500000,,12345
0.17584670009091496,0.2,0.0,685.9620924385795,I01,load_only,,685.9620924385795,,,,,235.95,,865.975,,SimTSI-MC,1.0,1.0,1.0,500,,2.7560492814666606,685.4374736285704,500000,2,12345
0.21050829999148846,0.2,0.0,685.9620924385795,I01,,,685.9620924385795,,0.010247523914678189,,0.00289812623556444,,0.0029022134289159616,,0.0,SimTSI-DES,1.0,1.0,1.0,500,,2.7560492814666606,685.4374736285704,500000,2,12345
0.4118217001669109,0.2,0.0,,I01,,0.0,685.9620924385795,0.0,0.010247523914678189,0,,,,,0.0,DynSimTSI-DES,1.0,1.0,1.0,500,900000,2.7560492814666606,,500000,,12345
0.24515590001828969,0.3,0.0,685.9062768122199,I01,load_only,,685.9062768122199,,,,,235.95,,865.975,,SimTSI-MC,1.0,1.0,1.0,500,,4.12695068502202,685.0359904780711,500000,2,12345
0.48971210001036525,0.3,0.0,685.9062768122199,I01,,,685.9062768122199,,0.010273430381271102,,0.0028883837268365653,,0.002897062118819703,,0.0,SimTSI-DES,1.0,1.0,1.0,500,,4.12695068502202,685.0359904780711,500000,2,12345
0.7735193998087198,0.3,0.0,,I01,,0.0,685.9062768122199,0.0,0.010273430381271102,0,,,,,0.0,DynSimTSI-DES,1.0,1.0,1.0,500,900000,4.12695068502202,,500000,,12345
0.7289448000956327,0.05,0.0,1046.4370540097555,I02,load_only,,831.9370540097556,,,,,0,,865.9751,,SimTSI-MC,1.0,0.0,1.0,500,,0.6653936861059007,1046.3374769604384,500000,120,12345
0.7914110999554396,0.05,0.0,1046.4370540097555,I02,,,831.9370540097556,,0.009319286268236986,,0.0,,0.009619701044492071,,0.0,SimTSI-DES,1.0,0.0,1.0,500,,0.6653936861059007,1046.3374769604384,500000,120,12345
1.1955196000635624,0.05,0.0,,I02,,0.0,831.9370540097556,0.0,0.009319286268236986,0,,,,,0.0,DynSimTSI-DES,1.0,0.0,1.0,500,900000,0.6653936861059007,,500000,,12345
0.6310437000356615,0.1,0.0,1046.4526623803654,I02,load_only,,831.9526623803654,,,,,0,,865.9751,,SimTSI-MC,1.0,0.0,1.0,500,,1.3349535395153371,1046.2260443689486,500000,120,12345
1.108406700193882,0.1,0.0,1046.4526623803654,I02,,,831.9526623803654,,0.009322933484426466,,0.0,,0.009622558376148274,,0.0,SimTSI-DES,1.0,0.0,1.0,500,,1.3349535395153371,1046.2260443689486,500000,120,12345
1.231011499883607,0.1,0.0,,I02,,0.0,831.9526623803654,0.0,0.009322933484426466,0,,,,,0.0,DynSimTSI-DES,1.0,0.0,1.0,500,900000,1.3349535395153371,,500000,,12345
0.678485699929297,0.2,0.0,1046.4823639323884,I02,load_only,,831.9823639323884,,,,,0,,865.9751,,SimTSI-MC,1.0,0.0,1.0,500,,2.6864058335048093,1045.9233553256895,500000,120,12345
0.8147314998786896,0.2,0.0,1046.4823639323884,I02,,,831.9823639323884,,0.00933036126756853,,0.0,,0.009627036612742614,,0.0010724629813088312,SimTSI-DES,1.0,0.0,1.0,500,,2.6864058335048093,1045.9233553256895,500000,120,12345
1.1355876000598073,0.2,0.0,,I02,,0.0,831.9823639323884,0.0,0.00933036126756853,0,,,,,0.0010724629813088312,DynSimTSI-DES,1.0,0.0,1.0,500,900000,2.6864058335048093,,500000,,12345
0.5673843000549823,0.3,0.0,1046.5098611905582,I02,load_only,,832.0098611905582,,,,,0,,865.9751,,SimTSI-MC,1.0,0.0,1.0,500,,4.0539118267405305,1045.5252328925615,500000,120,12345
1.1611224999651313,0.3,0.0,1046.5098611905582,I02,,,832.0098611905582,,0.009337455418988408,,0.0,,0.009630498963741118,,0.00788748746335969,SimTSI-DES,1.0,0.0,1.0,500,,4.0539118267405305,1045.5252328925615,500000,120,12345
1.150786800077185,0.3,0.0,,I02,,0.0,832.0098611905582,0.0,0.009337455418988408,0,,,,,0.00788748746335969,DynSimTSI-DES,1.0,0.0,1.0,500,900000,4.0539118267405305,,500000,,12345
29.58680749987252,0.05,0.0,1051.295030494478,I03,load_only,,836.7950304944779,,,,,0,,865.9749999999999,,SimTSI-MC,1.0,0.0,1.0,500,,0.6793059115396634,1051.505142318735,500000,6781,12345
39.29902580007911,0.05,0.0,1051.295030494478,I03,,,836.7950304944779,,0.008374367554136598,,0.0,,0.014342057944315176,,0.0,SimTSI-DES,1.0,0.0,1.0,500,,0.6793059115396634,1051.505142318735,500000,6781,12345
41.00991049990989,0.05,0.0,,I03,,0.0,836.7950304944779,0.0,0.008374367554136598,0,,,,,0.0,DynSimTSI-DES,1.0,0.0,1.0,500,900000,0.6793059115396634,,500000,,12345
32.110768999904394,0.1,0.0,1051.3054435404315,I03,load_only,,836.8054435404316,,,,,0,,865.9749999999999,,SimTSI-MC,1.0,0.0,1.0,500,,1.3612892844325521,1051.7094229087063,500000,6781,12345
41.28345820005052,0.1,0.0,1051.3054435404315,I03,,,836.8054435404316,,0.008383350606158413,,0.0,,0.014342788599488015,,0.0,SimTSI-DES,1.0,0.0,1.0,500,,1.3612892844325521,1051.7094229087063,500000,6781,12345
40.69788260012865,0.1,0.0,,I03,,0.0,836.8054435404316,0.0,0.008383350606158413,0,,,,,0.0,DynSimTSI-DES,1.0,0.0,1.0,500,900000,1.3612892844325521,,500000,,12345
30.49409139994532,0.2,0.0,1051.318983828596,I03,load_only,,836.8189838285958,,,,,0,,865.9749999999999,,SimTSI-MC,1.0,0.0,1.0,500,,2.7319173883760035,1052.0567680506265,500000,6781,12345
36.156439299928024,0.2,0.0,1051.318983828596,I03,,,836.8189838285958,,0.00840103799162338,,0.0,,0.014342499043224561,,0.0,SimTSI-DES,1.0,0.0,1.0,500,,2.7319173883760035,1052.0567680506265,500000,6781,12345
36.850217500003055,0.2,0.0,,I03,,0.0,836.8189838285958,0.0,0.00840103799162338,0,,,,,0.0,DynSimTSI-DES,1.0,0.0,1.0,500,900000,2.7319173883760035,,500000,,12345
29.07566439989023,0.3,0.0,1051.324171158594,I03,load_only,,836.8241711585941,,,,,0,,865.9749999999999,,SimTSI-MC,1.0,0.0,1.0,500,,4.108129909775583,1052.3182369915744,500000,6771,12345
34.75951599981636,0.3,0.0,1051.324171158594,I03,,,836.8241711585941,,0.00841798488563719,,0.0,,0.01434031984287973,,0.0,SimTSI-DES,1.0,0.0,1.0,500,,4.108129909775583,1052.3182369915744,500000,6771,12345
35.00075070001185,0.3,0.0,,I03,,0.0,836.8241711585941,0.0,0.00841798488563719,0,,,,,0.0,DynSimTSI-DES,1.0,0.0,1.0,500,900000,4.108129909775583,,500000,,12345
184.8590243998915,0.05,0.0,928.5261657259659,I04,load_only,,928.5261657259659,,,,,235.95,,865.975,,SimTSI-MC,1.0,1.0,1.0,500,,0.7293735249674821,928.6116584809982,500000,31908,12345
221.32534039998427,0.05,0.0,928.5261657259659,I04,,,928.5261657259659,,0.007938937587457957,,0.002160951983663306,,0.01507678164843327,,0.0001689984883861655,SimTSI-DES,1.0,1.0,1.0,500,,0.7293735249674821,928.6116584809982,500000,31908,12345
228.57915830006823,0.05,0.0,,I04,,0.0,928.5261657259659,0.0,0.007938937587457957,0,,,,,0.0001689984883861655,DynSimTSI-DES,1.0,1.0,1.0,500,900000,0.7293735249674821,,500000,,12345
164.14960690005682,0.1,0.0,928.49330172342,I04,load_only,,928.49330172342,,,,,235.95,,865.975,,SimTSI-MC,1.0,1.0,1.0,500,,1.4572860843610764,928.6456634612089,500000,31908,12345
190.57146809995174,0.1,0.0,928.49330172342,I04,,,928.49330172342,,0.007935144086289833,,0.002168643261750534,,0.015075930071205657,,0.009588021662769293,SimTSI-DES,1.0,1.0,1.0,500,,1.4572860843610764,928.6456634612089,500000,31908,12345
162.60080139990896,0.1,0.0,,I04,,0.0,928.49330172342,0.0,0.007935144086289833,0,,,,,0.009588021662769293,DynSimTSI-DES,1.0,1.0,1.0,500,900000,1.4572860843610764,,500000,,12345
135.76210859999992,0.2,0.0,928.4308419543663,I04,load_only,,928.4308419543663,,,,,235.95,,865.975,,SimTSI-MC,1.0,1.0,1.0,500,,2.908226446292435,928.662729011493,500000,31908,12345
161.68630869989283,0.2,0.0,928.4308419543663,I04,,,928.4308419543663,,0.007926634044360848,,0.0021857600061622857,,0.015072725067823084,,0.029884393257506338,SimTSI-DES,1.0,1.0,1.0,500,,2.908226446292435,928.662729011493,500000,31908,12345
153.33185860002413,0.2,0.0,,I04,,0.0,928.4308419543663,0.0,0.007926634044360848,0,,,,,0.029884393257506338,DynSimTSI-DES,1.0,1.0,1.0,500,900000,2.908226446292435,,500000,,12345
133.7109886999242,0.3,0.0,928.3731337520242,I04,load_only,,928.3731337520242,,,,,235.95,,865.975,,SimTSI-MC,1.0,1.0,1.0,500,,4.351385331338554,928.6173792990273,500000,31908,12345
163.6716000000015,0.3,0.0,928.3731337520242,I04,,,928.3731337520242,,0.007916978741486372,,0.0022049249349329948,,0.015067650401092234,,0.031914640124624784,SimTSI-DES,1.0,1.0,1.0,500,,4.351385331338554,928.6173792990273,500000,31908,12345
198.8443969001528,0.3,0.0,,I04,,0.0,928.3731337520242,0.0,0.007916978741486372,0,,,,,0.031914640124624784,DynSimTSI-DES,1.0,1.0,1.0,500,900000,4.351385331338554,,500000,,12345
241.29429330001585,0.05,0.0,1079.3773807579332,I05,load_only,,1079.3773807579332,,,,,235.95,,865.9749999999999,,SimTSI-MC,1.0,1.0,1.0,500,,0.7133997812659709,1079.455043812185,500000,41146,12345
292.6385324001312,0.05,0.0,1079.3773807579332,I05,,,1079.3773807579332,,0.006485051975452147,,0.0055490054837289285,,0.01297788887176725,,0.0,SimTSI-DES,1.0,1.0,1.0,500,,0.7133997812659709,1079.455043812185,500000,41146,12345
291.41245570010506,0.05,0.0,,I05,,0.0,1079.3773807579332,0.0,0.006485051975452147,0,,,,,0.0,DynSimTSI-DES,1.0,1.0,1.0,500,900000,0.7133997812659709,,500000,,12345
241.25519150006585,0.1,0.0,1079.398741083064,I05,load_only,,1079.398741083064,,,,,235.95,,865.9749999999999,,SimTSI-MC,1.0,1.0,1.0,500,,1.4344841280863674,1079.6000596583642,500000,41146,12345
299.5970579001587,0.1,0.0,1079.398741083064,I05,,,1079.398741083064,,0.00648464163683851,,0.005539161978520156,,0.01298518746200623,,0.0,SimTSI-DES,1.0,1.0,1.0,500,,1.4344841280863674,1079.6000596583642,500000,41146,12345
307.0567323002033,0.1,0.0,,I05,,0.0,1079.398741083064,0.0,0.00648464163683851,0,,,,,0.0,DynSimTSI-DES,1.0,1.0,1.0,500,900000,1.4344841280863674,,500000,,12345
239.98598559992388,0.2,0.0,1079.453978501307,I05,load_only,,1079.453978501307,,,,,235.95,,865.9749999999999,,SimTSI-MC,1.0,1.0,1.0,500,,2.9008120663637245,1080.065967474154,500000,41146,12345
304.2475845001172,0.2,0.0,1079.453978501307,I05,,,1079.453978501307,,0.006483527088272056,,0.005519628955156375,,0.012999653780741437,,0.0,SimTSI-DES,1.0,1.0,1.0,500,,2.9008120663637245,1080.065967474154,500000,41146,12345
296.9468252998777,0.2,0.0,,I05,,0.0,1079.453978501307,0.0,0.006483527088272056,0,,,,,0.0,DynSimTSI-DES,1.0,1.0,1.0,500,900000,2.9008120663637245,,500000,,12345
240.34230479993857,0.3,0.0,1079.5260796809691,I05,load_only,,1079.5260796809691,,,,,235.95,,865.9749999999999,,SimTSI-MC,1.0,1.0,1.0,500,,4.401210756730493,1080.8051672747529,500000,41146,12345
306.8682442998979,0.3,0.0,1079.5260796809691,I05,,,1079.5260796809691,,0.0064821927795783866,,0.005500566417912312,,0.013013397278331772,,0.0,SimTSI-DES,1.0,1.0,1.0,500,,4.401210756730493,1080.8051672747529,500000,41146,12345
307.74844370014034,0.3,0.0,,I05,,0.0,1079.5260796809691,0.0,0.0064821927795783866,0,,,,,0.0,DynSimTSI-DES,1.0,1.0,1.0,500,900000,4.401210756730493,,500000,,12345
688.2803244001698,0.05,0.0,956.5398590167716,I06,load_only,,956.5398590167716,,,,,235.95,,865.9749,,SimTSI-MC,1.0,1.0,1.0,500,,0.6950485440013513,956.0375064030122,500000,77800,12345
766.392133400077,0.05,0.0,956.5398590167716,I06,,,956.5398590167716,,0.0073244853046819216,,0.00625948949635293,,0.018834097658651877,,0.0002726717530988575,SimTSI-DES,1.0,1.0,1.0,500,,0.6950485440013513,956.0375064030122,500000,77800,12345
630.3340980999637,0.05,0.0,,I06,,0.0,956.5398590167716,0.0,0.0073244853046819216,0,,,,,0.0002726717530988575,DynSimTSI-DES,1.0,1.0,1.0,500,900000,0.6950485440013513,,500000,,12345
480.2606607999187,0.1,0.0,956.6330636340855,I06,load_only,,956.6330636340855,,,,,235.95,,865.9749,,SimTSI-MC,1.0,1.0,1.0,500,,1.3940648607921293,955.6158566207212,500000,77800,12345
652.9200213998556,0.1,0.0,956.6330636340855,I06,,,956.6330636340855,,0.00732998962561632,,0.006245577144317201,,0.018849819401802113,,0.006062032423412916,SimTSI-DES,1.0,1.0,1.0,500,,1.3940648607921293,955.6158566207212,500000,77800,12345
649.9412665998098,0.1,0.0,,I06,,0.0,956.6330636340855,0.0,0.00732998962561632,0,,,,,0.006062032423412916,DynSimTSI-DES,1.0,1.0,1.0,500,900000,1.3940648607921293,,500000,,12345
488.3157573998906,0.2,0.0,956.8095569085408,I06,load_only,,956.8095569085408,,,,,235.95,,865.9749,,SimTSI-MC,1.0,1.0,1.0,500,,2.800998778702156,954.7359659971597,500000,77800,12345
599.4892104000319,0.2,0.0,956.8095569085408,I06,,,956.8095569085408,,0.007340319628717264,,0.006217390293808735,,0.01888452461907377,,0.02380164051079156,SimTSI-DES,1.0,1.0,1.0,500,,2.800998778702156,954.7359659971597,500000,77800,12345
605.6847918999847,0.2,0.0,,I06,,0.0,956.8095569085408,0.0,0.007340319628717264,0,,,,,0.02380164051079156,DynSimTSI-DES,1.0,1.0,1.0,500,900000,2.800998778702156,,500000,,12345
492.76595430006273,0.3,0.0,956.9701441211836,I06,load_only,,956.9701441211836,,,,,235.95,,865.9749,,SimTSI-MC,1.0,1.0,1.0,500,,4.214035375532021,953.8240738809944,500000,77800,12345
607.4921445001382,0.3,0.0,956.9701441211836,I06,,,956.9701441211836,,0.007349653837724238,,0.006188886850889594,,0.018922267168679792,,0.03014876739914704,SimTSI-DES,1.0,1.0,1.0,500,,4.214035375532021,953.8240738809944,500000,77800,12345
713.720920199994,0.3,0.0,,I06,,0.0,956.9701441211836,0.0,0.007349653837724238,0,,,,,0.03014876739914704,DynSimTSI-DES,1.0,1.0,1.0,500,900000,4.214035375532021,,500000,,12345
904.4860514998436,0.05,0.0,991.5025241760244,I07,load_only,,991.5025241760244,,,,,235.95,,865.9749999999999,,SimTSI-MC,1.0,1.0,1.0,500,,0.722711613306693,990.9397108569647,500000,122528,12345
1022.0299455998465,0.05,0.0,991.5025241760244,I07,,,991.5025241760244,,0.007060072732485728,,0.006046993471070379,,0.022192912758631916,,0.06510683019862522,SimTSI-DES,1.0,1.0,1.0,500,,0.722711613306693,990.9397108569647,500000,122528,12345
